judge,signal,condition,threshold,n,n_accepted,n_escalated,accepted_share,slip_through,error_among_accepted,kappa_among_accepted,accepted_share_ci_low,accepted_share_ci_high,slip_through_ci_low,slip_through_ci_high,error_among_accepted_ci_low,error_among_accepted_ci_high
Qwen2.5-7B,conf_verb,clean,0.8,1836,1836,0,1.0,1.0,0.2429193899782135,0.5139235817606778,1.0,1.0,1.0,1.0,0.22175905999885262,0.2650690400543731
Qwen2.5-7B,conf_verb,clean,0.9,1836,1824,12,0.9934640522875817,0.984304932735426,0.24067982456140352,0.5179274521561348,0.9896679252512176,0.9967177691531884,0.973305154507164,0.9934786145430539,0.21937443832297893,0.26254637488478805
Qwen2.5-7B,conf_verb,clean,0.95,1836,1457,379,0.7935729847494554,0.6278026905829597,0.19217570350034316,0.6138212536515455,0.7517684316177218,0.8331607257445549,0.5507246376811594,0.7021420356526739,0.1678370786516854,0.2170675181852656
Qwen2.5-7B,conf_verb,verbose,0.8,1836,1836,0,1.0,1.0,0.23202614379084968,0.5358419620857131,1.0,1.0,1.0,1.0,0.20995670995670995,0.2550349957199479
Qwen2.5-7B,conf_verb,verbose,0.9,1836,1820,16,0.9912854030501089,0.9976525821596244,0.23351648351648352,0.5329128844788191,0.9864277958740499,0.9952755905511811,0.9927710843373494,1.0,0.2113863665246185,0.2565006749662517
Qwen2.5-7B,conf_verb,verbose,0.95,1836,1535,301,0.8360566448801743,0.7136150234741784,0.19804560260586318,0.6036791996127158,0.8026443464314355,0.8687738071420006,0.6444168547780287,0.7785609551738583,0.1706817130995947,0.22540392810820822
Qwen2.5-7B,conf_lp,clean,0.8,1836,1834,2,0.9989106753812637,0.9977578475336323,0.24263904034896402,0.5143650084318035,0.9972435843610281,1.0,0.9929577464788732,1.0,0.2212335378427306,0.26435700889280755
Qwen2.5-7B,conf_lp,clean,0.9,1836,1833,3,0.9983660130718954,0.9955156950672646,0.24222585924713586,0.515250352609309,0.9962343317060298,1.0,0.9887381032273809,1.0,0.22082610195717634,0.2638427940477633
Qwen2.5-7B,conf_lp,clean,0.95,1836,1830,6,0.9967320261437909,0.9910313901345291,0.24153005464480876,0.5167020588829285,0.9941457443148617,0.9989095319819368,0.9821763350831727,0.9978070175438597,0.2205111821086262,0.26298486220325945
Qwen2.5-7B,conf_lp,verbose,0.8,1836,1835,1,0.9994553376906318,1.0,0.2321525885558583,0.5355617213168323,0.9983115465462408,1.0,1.0,1.0,0.2100675425458858,0.25535446613543
Qwen2.5-7B,conf_lp,verbose,0.9,1836,1834,2,0.9989106753812637,1.0,0.23227917121046893,0.5352808357859524,0.9972766884531591,1.0,1.0,1.0,0.2100739348244615,0.2553553351646201
Qwen2.5-7B,conf_lp,verbose,0.95,1836,1831,5,0.9972766884531591,0.9953051643192489,0.23156744948115784,0.5367317540658243,0.994769600361394,0.9994517543859649,0.9881235154394299,1.0,0.2092273286663121,0.25499813227516005
Qwen2.5-7B,conf_sc,clean,0.8,1836,1508,328,0.8213507625272332,0.6390134529147982,0.1889920424403183,0.6165527037058185,0.7969417510589457,0.8441195392898521,0.5938847759237302,0.6809559062805076,0.16928079044117647,0.20985341875816302
Qwen2.5-7B,conf_sc,clean,0.9,1836,1508,328,0.8213507625272332,0.6390134529147982,0.1889920424403183,0.6165527037058185,0.7969417510589457,0.8441195392898521,0.5938847759237302,0.6809559062805076,0.16928079044117647,0.20985341875816302
Qwen2.5-7B,conf_sc,clean,0.95,1836,1508,328,0.8213507625272332,0.6390134529147982,0.1889920424403183,0.6165527037058185,0.7969417510589457,0.8441195392898521,0.5938847759237302,0.6809559062805076,0.16928079044117647,0.20985341875816302
Qwen2.5-7B,conf_bpe_prob,clean,0.8,1836,1325,511,0.721677559912854,0.36995515695067266,0.12452830188679245,0.751117056094715,0.6919010233377724,0.7519975496938778,0.3168522060190719,0.4282946128777404,0.10341681632356038,0.14712961680389178
Qwen2.5-7B,conf_bpe_prob,clean,0.9,1836,1324,512,0.7211328976034859,0.36995515695067266,0.12462235649546828,0.7509257907986427,0.6913813100597451,0.7515361533839369,0.3168522060190719,0.4282946128777404,0.10342090025178449,0.14724516266861992
Qwen2.5-7B,conf_bpe_prob,clean,0.95,1836,1322,514,0.7200435729847494,0.3654708520179372,0.12329803328290469,0.7535731357825906,0.690293714594532,0.7501523925154399,0.3137523779327838,0.4238036712428927,0.1025371979682807,0.14523545253796394
Qwen2.5-7B,conf_bpe_prob,verbose,0.8,1836,1478,358,0.8050108932461874,0.5516431924882629,0.15899864682002707,0.6820632523227607,0.7765042588504235,0.833690447680771,0.4911892886072859,0.6109818350570141,0.13749836387434555,0.18252856064958514
Qwen2.5-7B,conf_bpe_prob,verbose,0.9,1836,1476,360,0.803921568627451,0.5516431924882629,0.15921409214092141,0.681632608105032,0.7754193791432921,0.8327836034063434,0.4911892886072859,0.6109818350570141,0.13772787099259512,0.18265830125866553
Qwen2.5-7B,conf_bpe_prob,verbose,0.95,1836,1475,361,0.8033769063180828,0.5516431924882629,0.15932203389830507,0.6814181659428781,0.7743555473756064,0.8326136778345723,0.4911892886072859,0.6109818350570141,0.13781784074018835,0.18269691780821914
Qwen2.5-7B,conf_ens_prob,clean,0.8,1836,1292,544,0.7037037037037037,0.35650224215246634,0.12306501547987617,0.7539159642927307,0.6725838033630135,0.7359388469827587,0.3062087888764161,0.4106311360448808,0.10285276409414341,0.14454511204763829
Qwen2.5-7B,conf_ens_prob,clean,0.9,1836,1050,786,0.5718954248366013,0.21076233183856502,0.08952380952380952,0.8210354919076129,0.5325829488699542,0.610518704888821,0.17006802721088435,0.2536703276072468,0.0716304714727221,0.10847400630644594
Qwen2.5-7B,conf_ens_prob,clean,0.95,1836,1048,788,0.5708061002178649,0.21076233183856502,0.08969465648854962,0.8206883998616649,0.5314536357614207,0.6096851833750337,0.17006802721088435,0.2536703276072468,0.07177011196974899,0.10880316518298715
Qwen2.5-7B,conf_verb_bidir,clean,0.8,1836,1325,511,0.721677559912854,0.4330708661417323,0.12452830188679245,0.751117056094715,0.6919010233377724,0.7519975496938778,0.37680864852126783,0.49866004796027363,0.10341681632356038,0.14712961680389178
Qwen2.5-7B,conf_verb_bidir,clean,0.9,1836,1310,526,0.7135076252723311,0.4199475065616798,0.12213740458015267,0.755924877030854,0.6833753339726392,0.7449124926807649,0.36523821430335357,0.4813943123938879,0.10201967158456282,0.14423127177700346
Qwen2.5-7B,conf_verb_bidir,clean,0.95,1836,1065,771,0.5800653594771242,0.2572178477690289,0.09201877934272301,0.8159726630273794,0.5370220097715983,0.6226348036352591,0.2042412902076094,0.31621835338988624,0.07135540683927782,0.1137371476847857
Qwen2.5-7B,conf_verb_bidir,verbose,0.8,1836,1478,358,0.8050108932461874,0.623342175066313,0.15899864682002707,0.6820632523227607,0.7765042588504235,0.833690447680771,0.5701100900736966,0.6758127188952825,0.13749836387434555,0.18252856064958514
Qwen2.5-7B,conf_verb_bidir,verbose,0.9,1836,1463,373,0.7968409586056645,0.6180371352785146,0.15926179084073822,0.6815295371757057,0.7675143916129462,0.8270469290715274,0.5648356296344268,0.6697348981293935,0.13758179530201342,0.18217884712200033
Qwen2.5-7B,conf_verb_bidir,verbose,0.95,1836,1175,661,0.6399782135076253,0.4005305039787798,0.12851063829787235,0.7430094366268585,0.5971494634590215,0.6830544102190961,0.3376742922368188,0.4666719242902208,0.10640904835558451,0.15270506108202445
Qwen2.5-7B,conf_lp_bidir,clean,0.8,1836,1325,511,0.721677559912854,0.4330708661417323,0.12452830188679245,0.751117056094715,0.6919010233377724,0.7519975496938778,0.37680864852126783,0.49866004796027363,0.10341681632356038,0.14712961680389178
Qwen2.5-7B,conf_lp_bidir,clean,0.9,1836,1324,512,0.7211328976034859,0.4330708661417323,0.12462235649546828,0.7509257907986427,0.6913813100597451,0.7515361533839369,0.37680864852126783,0.49866004796027363,0.10342090025178449,0.14724516266861992
Qwen2.5-7B,conf_lp_bidir,clean,0.95,1836,1322,514,0.7200435729847494,0.42782152230971127,0.12329803328290469,0.7535731357825906,0.690293714594532,0.7501523925154399,0.3711310324219334,0.4908229040639441,0.1025371979682807,0.14523545253796394
Qwen2.5-7B,conf_lp_bidir,verbose,0.8,1836,1478,358,0.8050108932461874,0.623342175066313,0.15899864682002707,0.6820632523227607,0.7765042588504235,0.833690447680771,0.5701100900736966,0.6758127188952825,0.13749836387434555,0.18252856064958514
Qwen2.5-7B,conf_lp_bidir,verbose,0.9,1836,1476,360,0.803921568627451,0.623342175066313,0.15921409214092141,0.681632608105032,0.7754193791432921,0.8327836034063434,0.5701100900736966,0.6758127188952825,0.13772787099259512,0.18265830125866553
Qwen2.5-7B,conf_lp_bidir,verbose,0.95,1836,1475,361,0.8033769063180828,0.623342175066313,0.15932203389830507,0.6814181659428781,0.7743555473756064,0.8326136778345723,0.5701100900736966,0.6758127188952825,0.13781784074018835,0.18269691780821914
Qwen2.5-7B,p_correct_bayesian,clean,0.8,1819,1158,661,0.6366135239142386,0.2743764172335601,0.10449050086355786,0.7910189982728844,0.6025286464542967,0.6702269136235954,0.22676499166779948,0.3246209809526868,0.08543641821826059,0.1253176365413758
Qwen2.5-7B,p_correct_bayesian,clean,0.9,1819,892,927,0.49037932930181416,0.1360544217687075,0.06726457399103139,0.8654336446060314,0.44705550288867535,0.5319509021317623,0.0970873786407767,0.17500456204379558,0.04834870827675659,0.08738395577917933
Qwen2.5-7B,p_correct_bayesian,clean,0.95,1819,0,1819,0.0,0.0,,,0.0,0.0,0.0,0.0,,
Qwen2.5-7B,p_correct_logreg,clean,0.8,1819,1158,661,0.6366135239142386,0.2743764172335601,0.10449050086355786,0.7910189982728844,0.6025286464542967,0.6702269136235954,0.22676499166779948,0.3246209809526868,0.08543641821826059,0.1253176365413758
Qwen2.5-7B,p_correct_logreg,clean,0.9,1819,894,925,0.491478834524464,0.1383219954648526,0.06823266219239374,0.8634936845741404,0.4483880714229384,0.5325658100708435,0.09926761296510744,0.17715688437775814,0.04935490066194702,0.0885806725363318
Qwen2.5-7B,p_correct_logreg,clean,0.95,1819,0,1819,0.0,0.0,,,0.0,0.0,0.0,0.0,,
kev-8b,conf_kev,clean,0.8,1836,1530,306,0.8333333333333334,0.6533018867924528,0.18104575163398692,0.6339681305868635,0.8057447974312558,0.8587632536624079,0.5995519100480294,0.7045968866566139,0.15566203789162034,0.20842134443746557
kev-8b,conf_kev,clean,0.9,1836,1350,486,0.7352941176470589,0.5188679245283019,0.16296296296296298,0.6680125015090341,0.7015903528465627,0.7661694778901871,0.4650542040229147,0.5701234326018808,0.13774568195354378,0.19079176157162614
kev-8b,conf_kev,clean,0.95,1836,1169,667,0.6367102396514162,0.42452830188679247,0.15397775876817793,0.6808307319870041,0.5972216822187661,0.6738408262055183,0.36683202073939375,0.4821563852813852,0.12777263025710228,0.1819873543539099
kev-8b,conf_kev,verbose,0.8,1784,1485,299,0.8323991031390134,0.6964285714285714,0.2101010101010101,0.5684249354481741,0.8098260757175603,0.8553171477810186,0.6433483773909305,0.749454697986577,0.1832941346365064,0.23971788280271572
kev-8b,conf_kev,verbose,0.9,1784,1281,503,0.7180493273542601,0.5401785714285714,0.18891491022638562,0.6023474178403756,0.687145104301492,0.7494607958796461,0.4825950462001872,0.6004415011037527,0.16235139688333566,0.21962764000294355
kev-8b,conf_kev,verbose,0.95,1784,1108,676,0.6210762331838565,0.41517857142857145,0.16787003610108303,0.6327726300784033,0.586111076609698,0.6567338897533259,0.36187531406893,0.4711559734513274,0.1423327505402977,0.19710860097292615
kev-8b,conf_kev_bpe_prob,clean,0.8,1836,1275,561,0.6944444444444444,0.37264150943396224,0.12392156862745098,0.7520322401169861,0.6448750842254997,0.7389476920361273,0.30020613107822414,0.44701216287678475,0.10137093646269303,0.1472493255577274
kev-8b,conf_kev_bpe_prob,clean,0.9,1836,1073,763,0.5844226579520697,0.2429245283018868,0.09599254426840634,0.8080084079597669,0.5319990550305725,0.633766778866464,0.18527275878262037,0.30244054878048776,0.07511325066146404,0.11891457951789337
kev-8b,conf_kev_bpe_prob,clean,0.95,1836,896,940,0.4880174291938998,0.17688679245283018,0.08370535714285714,0.8325325465021234,0.4346803238318045,0.5366265872471524,0.12745098039215685,0.23233356583740208,0.06188898086994079,0.10826522131458964
kev-8b,conf_kev_bpe_prob,verbose,0.8,1784,1005,779,0.5633408071748879,0.19866071428571427,0.08855721393034825,0.822948152282998,0.5178976055799281,0.6038526392961876,0.15010306553911207,0.24819637752784973,0.06605305709517592,0.11237501915205636
kev-8b,conf_kev_bpe_prob,verbose,0.9,1784,808,976,0.452914798206278,0.140625,0.07797029702970297,0.8441338934682231,0.406989399705835,0.4965616242622383,0.10482084783885617,0.17673532574437317,0.057713187562545946,0.1011019910109916
kev-8b,conf_kev_bpe_prob,verbose,0.95,1784,667,1117,0.37387892376681614,0.10267857142857142,0.06896551724137931,0.8621132862355965,0.3298901502198223,0.4177425647678426,0.07226041452903754,0.13497347040291824,0.047550833958021,0.09343005900166801
auto-j-13b,conf_sc_autoj,clean,0.8,1797,1278,519,0.7111853088480802,0.45232273838630804,0.14475743348982786,0.7103858337355242,0.666661816065192,0.7524537938541049,0.38441646242109734,0.5217391304347826,0.12030540648699714,0.1706735607890499
auto-j-13b,conf_sc_autoj,clean,0.9,1797,1278,519,0.7111853088480802,0.45232273838630804,0.14475743348982786,0.7103858337355242,0.666661816065192,0.7524537938541049,0.38441646242109734,0.5217391304347826,0.12030540648699714,0.1706735607890499
auto-j-13b,conf_sc_autoj,clean,0.95,1797,1278,519,0.7111853088480802,0.45232273838630804,0.14475743348982786,0.7103858337355242,0.666661816065192,0.7524537938541049,0.38441646242109734,0.5217391304347826,0.12030540648699714,0.1706735607890499
auto-j-13b,conf_sc_bpe_autoj_prob,clean,0.8,1770,1487,283,0.8401129943502825,0.6473551637279596,0.17283120376597175,0.6543727621581682,0.8079978945276948,0.8699512937531576,0.5847218264287156,0.7135805465659835,0.1476120957907856,0.19802798636719776
auto-j-13b,conf_sc_bpe_autoj_prob,clean,0.9,1770,1392,378,0.7864406779661017,0.5491183879093199,0.15660919540229884,0.6867900146357875,0.749275595091442,0.8204719909735051,0.487921239622907,0.6153897849462365,0.13324056086869895,0.17997231566263547
auto-j-13b,conf_sc_bpe_autoj_prob,clean,0.95,1770,1262,508,0.7129943502824859,0.4357682619647355,0.13708399366085577,0.7258691912660246,0.6695797883514522,0.7524256860939944,0.37435251798561153,0.5,0.11419365642237983,0.16117884052943693
auto-j-13b,conf_sc_bpe_autoj_greedy_prob,clean,0.8,1770,1537,233,0.868361581920904,0.7229219143576826,0.1867273910214704,0.6265883701381758,0.8384166971558724,0.8966287646665767,0.669283996843052,0.7803293282587784,0.16071267405879322,0.21226543684267854
auto-j-13b,conf_sc_bpe_autoj_greedy_prob,clean,0.9,1770,1537,233,0.868361581920904,0.7229219143576826,0.1867273910214704,0.6265883701381758,0.8384166971558724,0.8966287646665767,0.669283996843052,0.7803293282587784,0.16071267405879322,0.21226543684267854
auto-j-13b,conf_sc_bpe_autoj_greedy_prob,clean,0.95,1770,1537,233,0.868361581920904,0.7229219143576826,0.1867273910214704,0.6265883701381758,0.8384166971558724,0.8966287646665767,0.669283996843052,0.7803293282587784,0.16071267405879322,0.21226543684267854
auto-j-13b,conf_sc_bpe_autoj_greedy_prob,verbose,0.8,1174,883,291,0.752129471890971,0.5152439024390244,0.1913929784824462,0.6173892308915115,0.7068510893885487,0.7971940544098287,0.43098170785720613,0.5993543046357614,0.1546747585246597,0.23183448818123736
auto-j-13b,conf_sc_bpe_autoj_greedy_prob,verbose,0.9,1174,883,291,0.752129471890971,0.5152439024390244,0.1913929784824462,0.6173892308915115,0.7068510893885487,0.7971940544098287,0.43098170785720613,0.5993543046357614,0.1546747585246597,0.23183448818123736
auto-j-13b,conf_sc_bpe_autoj_greedy_prob,verbose,0.95,1174,883,291,0.752129471890971,0.5152439024390244,0.1913929784824462,0.6173892308915115,0.7068510893885487,0.7971940544098287,0.43098170785720613,0.5993543046357614,0.1546747585246597,0.23183448818123736
